Unix TimeStamp,Logical Time,Duration,State,Buffer Level,Current Playback Time,Available Playback Time,Average Throughput,Quality Index,Resolution,Bitrate
1585658381,1,634.566,PLAYBACK_PLAYING,3.607,0.428536,4.0355360000000005,674323,9,3840 X 2160,14931538
1585658382,2,634.566,PLAYBACK_PLAYING,2.609,1.426589,4.035589,674323,9,3840 X 2160,14931538
1585658383,3,634.566,PLAYBACK_PLAYING,1.61,2.427031,4.037031,674323,9,3840 X 2160,14931538
1585658384,4,634.566,PLAYBACK_PLAYING,0.61,3.427141,4.037141,674323,9,3840 X 2160,14931538
1585658385,5,634.566,PLAYBACK_WAITING,0.358,3.642265,4.000265,674323,9,3840 X 2160,14931538
1585658386,6,634.566,PLAYBACK_WAITING,0.358,3.642265,4.000265,674323,9,3840 X 2160,14931538
1585658387,7,634.566,PLAYBACK_WAITING,0.358,3.642265,4.000265,674323,9,3840 X 2160,14931538
1585658388,8,634.566,PLAYBACK_WAITING,0.358,3.642265,4.000265,674323,9,3840 X 2160,14931538
1585658389,9,634.566,PLAYBACK_WAITING,0.358,3.642265,4.000265,674323,9,3840 X 2160,14931538
1585658390,10,634.566,PLAYBACK_WAITING,0.358,3.642265,4.000265,674323,9,3840 X 2160,14931538
1585658391,11,634.566,PLAYBACK_WAITING,0.358,3.642265,4.000265,674323,9,3840 X 2160,14931538
1585658392,12,634.566,PLAYBACK_WAITING,0.358,3.642265,4.000265,674323,9,3840 X 2160,14931538
1585658393,13,634.566,PLAYBACK_WAITING,0.358,3.642265,4.000265,674323,9,3840 X 2160,14931538
1585658394,14,634.566,PLAYBACK_WAITING,0.358,3.642265,4.000265,674323,9,3840 X 2160,14931538
1585658395,15,634.566,PLAYBACK_WAITING,0.358,3.642265,4.000265,674323,9,3840 X 2160,14931538
1585658396,16,634.566,PLAYBACK_WAITING,0.358,3.642265,4.000265,674323,9,3840 X 2160,14931538
1585658397,17,634.566,PLAYBACK_WAITING,0.358,3.642265,4.000265,674323,9,3840 X 2160,14931538
1585658398,18,634.566,PLAYBACK_WAITING,0.358,3.642265,4.000265,674323,9,3840 X 2160,14931538
1585658399,19,634.566,PLAYBACK_WAITING,0.358,3.642265,4.000265,674323,9,3840 X 2160,14931538
1585658400,20,634.566,PLAYBACK_WAITING,0.358,3.642265,4.000265,674323,9,3840 X 2160,14931538
1585658401,21,634.566,PLAYBACK_WAITING,0.358,3.642265,4.000265,674323,9,3840 X 2160,14931538
1585658402,22,634.566,PLAYBACK_WAITING,0.358,3.642265,4.000265,674323,9,3840 X 2160,14931538
1585658403,23,634.566,PLAYBACK_WAITING,0.358,3.642265,4.000265,674323,9,3840 X 2160,14931538
1585658404,24,634.566,PLAYBACK_WAITING,0.358,3.642265,4.000265,674323,9,3840 X 2160,14931538
1585658405,25,634.566,PLAYBACK_WAITING,0.358,3.642265,4.000265,674323,9,3840 X 2160,14931538
1585658406,26,634.566,PLAYBACK_WAITING,0.358,3.642265,4.000265,674323,9,3840 X 2160,14931538
1585658407,27,634.566,PLAYBACK_WAITING,0.358,3.642265,4.000265,674323,9,3840 X 2160,14931538
1585658408,28,634.566,PLAYBACK_WAITING,0.358,3.642265,4.000265,674323,9,3840 X 2160,14931538
1585658409,29,634.566,PLAYBACK_WAITING,0.358,3.642265,4.000265,674323,9,3840 X 2160,14931538
1585658410,30,634.566,PLAYBACK_WAITING,0.358,3.642265,4.000265,674323,9,3840 X 2160,14931538
1585658411,31,634.566,PLAYBACK_WAITING,0.358,3.642265,4.000265,674323,9,3840 X 2160,14931538
1585658412,32,634.566,PLAYBACK_WAITING,0.358,3.642265,4.000265,674323,9,3840 X 2160,14931538
1585658413,33,634.566,PLAYBACK_WAITING,0.358,3.642265,4.000265,674323,9,3840 X 2160,14931538
1585658414,34,634.566,PLAYBACK_WAITING,0.358,3.642265,4.000265,674323,9,3840 X 2160,14931538
1585658415,35,634.566,PLAYBACK_WAITING,0.358,3.642265,4.000265,674323,9,3840 X 2160,14931538
1585658416,36,634.566,PLAYBACK_WAITING,0.358,3.642265,4.000265,674323,9,3840 X 2160,14931538
1585658417,37,634.566,PLAYBACK_WAITING,0.358,3.642265,4.000265,674323,9,3840 X 2160,14931538
1585658418,38,634.566,PLAYBACK_WAITING,0.358,3.642265,4.000265,674323,9,3840 X 2160,14931538
1585658419,39,634.566,PLAYBACK_WAITING,0.358,3.642265,4.000265,674323,9,3840 X 2160,14931538
1585658420,40,634.566,PLAYBACK_PLAYING,3.74,4.296193,8.036193,1524,1,320 X 180,507246
1585658421,41,634.566,PLAYBACK_PLAYING,6.738,5.296324,12.034324000000002,1589,3,640 X 360,1013310
1585658422,42,634.566,PLAYBACK_PLAYING,5.74,6.296166,12.036166000000001,1589,3,640 X 360,1013310
1585658423,43,634.566,PLAYBACK_PLAYING,4.74,7.296741,12.036741,1589,3,640 X 360,1013310
1585658424,44,634.566,PLAYBACK_PLAYING,7.74,8.296076,16.036076,1664.3333333333333,3,640 X 360,1013310
1585658425,45,634.566,PLAYBACK_PLAYING,6.74,9.295448,16.035448000000002,1664.3333333333333,3,640 X 360,1013310
1585658426,46,634.566,PLAYBACK_PLAYING,5.74,10.296725,16.036725,1664.3333333333333,3,640 X 360,1013310
1585658427,47,634.566,PLAYBACK_PLAYING,8.74,11.296727,20.036727,1696.25,3,640 X 360,1013310
1585658428,48,634.566,PLAYBACK_PLAYING,7.74,12.296766,20.036766,1696.25,3,640 X 360,1013310
1585658429,49,634.566,PLAYBACK_PLAYING,10.739,13.298023,24.037023,1788.75,4,640 X 360,1254758
1585658430,50,634.566,PLAYBACK_PLAYING,9.74,14.296231,24.036231,1788.75,4,640 X 360,1254758
1585658431,51,634.566,PLAYBACK_PLAYING,8.74,15.296193,24.036193,1788.75,4,640 X 360,1254758
1585658432,52,634.566,PLAYBACK_PLAYING,7.74,16.296551,24.036551000000003,1788.75,4,640 X 360,1254758
1585658433,53,634.566,PLAYBACK_PLAYING,10.74,17.296582,28.036582000000003,1803.75,3,640 X 360,1013310
1585658434,54,634.566,PLAYBACK_PLAYING,9.74,18.296399,28.036399000000003,1803.75,3,640 X 360,1013310
1585658435,55,634.566,PLAYBACK_PLAYING,8.815,19.308316,28.123316000000003,1795.25,3,640 X 360,1013310
1585658436,56,634.566,PLAYBACK_PLAYING,11.738,20.296744,32.034744,1795.25,3,640 X 360,1013310
1585658437,57,634.566,PLAYBACK_PLAYING,10.74,21.296245,32.036245,1795.25,3,640 X 360,1013310
1585658438,58,634.566,PLAYBACK_PLAYING,9.74,22.296562,32.036562,1795.25,3,640 X 360,1013310
1585658439,59,634.566,PLAYBACK_PLAYING,8.825,23.296885,32.121885,1797.25,3,640 X 360,1013310
1585658440,60,634.566,PLAYBACK_PLAYING,11.74,24.297562,36.037562,1797.25,3,640 X 360,1013310
1585658441,61,634.566,PLAYBACK_PLAYING,10.74,25.296855,36.036855,1797.25,3,640 X 360,1013310
1585658442,62,634.566,PLAYBACK_PLAYING,9.74,26.296921,36.036921,1797.25,3,640 X 360,1013310
1585658443,63,634.566,PLAYBACK_PLAYING,12.739,27.296395,40.035395,1775.5,3,640 X 360,1013310
1585658444,64,634.566,PLAYBACK_PLAYING,11.741,28.296277,40.037277,1775.5,3,640 X 360,1013310
1585658445,65,634.566,PLAYBACK_PLAYING,10.74,29.297067,40.037067,1775.5,3,640 X 360,1013310
1585658446,66,634.566,PLAYBACK_PLAYING,9.74,30.296844,40.036844,1775.5,3,640 X 360,1013310
1585658447,67,634.566,PLAYBACK_PLAYING,12.74,31.296512,44.036512,1805.5,3,640 X 360,1013310
1585658448,68,634.566,PLAYBACK_PLAYING,11.74,32.297062,44.037062,1805.5,3,640 X 360,1013310
1585658449,69,634.566,PLAYBACK_PLAYING,10.74,33.29628,44.036280000000005,1805.5,3,640 X 360,1013310
1585658450,70,634.566,PLAYBACK_PLAYING,9.741,34.295835,44.036834999999996,1805.5,3,640 X 360,1013310
1585658451,71,634.566,PLAYBACK_PLAYING,12.74,35.295896,48.035896,1815.25,3,640 X 360,1013310
1585658452,72,634.566,PLAYBACK_PLAYING,11.74,36.296394,48.036394,1815.25,3,640 X 360,1013310
1585658453,73,634.566,PLAYBACK_PLAYING,10.741,37.296051,48.037051,1815.25,3,640 X 360,1013310
1585658454,74,634.566,PLAYBACK_PLAYING,9.741,38.295972,48.036972,1815.25,3,640 X 360,1013310
1585658455,75,634.566,PLAYBACK_PLAYING,8.867,39.295987,48.162987,1818,3,640 X 360,1013310
1585658456,76,634.566,PLAYBACK_PLAYING,11.741,40.295636,52.036636,1818,3,640 X 360,1013310
1585658457,77,634.566,PLAYBACK_PLAYING,10.741,41.295811,52.036811,1818,3,640 X 360,1013310
1585658458,78,634.566,PLAYBACK_PLAYING,9.74,42.296754,52.036754,1818,3,640 X 360,1013310
1585658459,79,634.566,PLAYBACK_PLAYING,8.879,43.29596,52.17496,1809,3,640 X 360,1013310
1585658460,80,634.566,PLAYBACK_PLAYING,11.741,44.296403,56.037403,1809,3,640 X 360,1013310
1585658461,81,634.566,PLAYBACK_PLAYING,10.741,45.296731,56.037731,1809,3,640 X 360,1013310
1585658462,82,634.566,PLAYBACK_PLAYING,9.74,46.29529,56.03529,1809,3,640 X 360,1013310
1585658463,83,634.566,PLAYBACK_PLAYING,12.741,47.295905,60.036905,1799,3,640 X 360,1013310
1585658464,84,634.566,PLAYBACK_PLAYING,11.74,48.296399,60.036399,1799,3,640 X 360,1013310
1585658465,85,634.566,PLAYBACK_PLAYING,10.739,49.29614,60.03514,1799,3,640 X 360,1013310
1585658466,86,634.566,PLAYBACK_PLAYING,9.741,50.295958,60.036958,1799,3,640 X 360,1013310
1585658467,87,634.566,PLAYBACK_PLAYING,12.74,51.295928,64.035928,1810.25,3,640 X 360,1013310
1585658468,88,634.566,PLAYBACK_PLAYING,11.741,52.295643,64.036643,1810.25,3,640 X 360,1013310
1585658469,89,634.566,PLAYBACK_PLAYING,10.741,53.295511,64.03651099999999,1810.25,3,640 X 360,1013310
1585658470,90,634.566,PLAYBACK_PLAYING,9.741,54.295115,64.036115,1810.25,3,640 X 360,1013310
1585658471,91,634.566,PLAYBACK_PLAYING,12.741,55.296374,68.037374,1808.25,3,640 X 360,1013310
1585658472,92,634.566,PLAYBACK_PLAYING,11.741,56.29531,68.03631,1808.25,3,640 X 360,1013310
1585658473,93,634.566,PLAYBACK_PLAYING,10.74,57.295997,68.035997,1808.25,3,640 X 360,1013310
1585658474,94,634.566,PLAYBACK_PLAYING,9.741,58.295716,68.036716,1808.25,3,640 X 360,1013310
1585658475,95,634.566,PLAYBACK_PLAYING,8.741,59.295517,68.036517,1808.25,3,640 X 360,1013310
1585658476,96,634.566,PLAYBACK_PLAYING,11.741,60.295627,72.03662700000001,1800.75,3,640 X 360,1013310
1585658477,97,634.566,PLAYBACK_PLAYING,10.741,61.296599,72.037599,1800.75,3,640 X 360,1013310
1585658478,98,634.566,PLAYBACK_PLAYING,9.741,62.296009,72.037009,1800.75,3,640 X 360,1013310
1585658479,99,634.566,PLAYBACK_PLAYING,12.741,63.295716,76.036716,1814.75,3,640 X 360,1013310
1585658480,100,634.566,PLAYBACK_PLAYING,11.741,64.295553,76.036553,1814.75,4,640 X 360,1254758
1585658481,101,634.566,PLAYBACK_PLAYING,10.741,65.297006,76.038006,1814.75,4,640 X 360,1254758
1585658482,102,634.566,PLAYBACK_PLAYING,9.741,66.295539,76.036539,1814.75,4,640 X 360,1254758
1585658483,103,634.566,PLAYBACK_PLAYING,8.741,67.295146,76.036146,1814.75,4,640 X 360,1254758
1585658484,104,634.566,PLAYBACK_PLAYING,11.741,68.301287,80.042287,1747.25,4,640 X 360,1254758
1585658485,105,634.566,PLAYBACK_PLAYING,10.741,69.295433,80.036433,1747.25,4,640 X 360,1254758
1585658486,106,634.566,PLAYBACK_PLAYING,9.741,70.29539,80.03639,1747.25,4,640 X 360,1254758
1585658487,107,634.566,PLAYBACK_PLAYING,8.741,71.295329,80.036329,1747.25,4,640 X 360,1254758
1585658488,108,634.566,PLAYBACK_PLAYING,11.742,72.295142,84.037142,1729.25,4,640 X 360,1254758
1585658489,109,634.566,PLAYBACK_PLAYING,10.741,73.295042,84.036042,1729.25,4,640 X 360,1254758
1585658490,110,634.566,PLAYBACK_PLAYING,9.741,74.295229,84.036229,1729.25,4,640 X 360,1254758
1585658491,111,634.566,PLAYBACK_PLAYING,8.964,75.295204,84.259204,1740.5,4,640 X 360,1254758
1585658492,112,634.566,PLAYBACK_PLAYING,11.741,76.295068,88.036068,1740.5,4,640 X 360,1254758
1585658493,113,634.566,PLAYBACK_PLAYING,10.741,77.295119,88.036119,1740.5,4,640 X 360,1254758
1585658494,114,634.566,PLAYBACK_PLAYING,9.741,78.295191,88.036191,1740.5,4,640 X 360,1254758
1585658495,115,634.566,PLAYBACK_PLAYING,8.741,79.295796,88.036796,1740.5,4,640 X 360,1254758
1585658496,116,634.566,PLAYBACK_PLAYING,11.741,80.29568,92.03668,1716.25,4,640 X 360,1254758
1585658497,117,634.566,PLAYBACK_PLAYING,10.741,81.295417,92.036417,1716.25,4,640 X 360,1254758
1585658498,118,634.566,PLAYBACK_PLAYING,9.738,82.294969,92.032969,1716.25,4,640 X 360,1254758
1585658499,119,634.566,PLAYBACK_PLAYING,8.741,83.295106,92.036106,1716.25,4,640 X 360,1254758
1585658500,120,634.566,PLAYBACK_PLAYING,11.741,84.294675,96.035675,1746,4,640 X 360,1254758
1585658501,121,634.566,PLAYBACK_PLAYING,10.742,85.295797,96.037797,1746,4,640 X 360,1254758
1585658502,122,634.566,PLAYBACK_PLAYING,9.742,86.295261,96.037261,1746,4,640 X 360,1254758
1585658503,123,634.566,PLAYBACK_PLAYING,12.742,87.294657,100.036657,1758.5,4,640 X 360,1254758
1585658504,124,634.566,PLAYBACK_PLAYING,11.741,88.295193,100.036193,1758.5,4,640 X 360,1254758
1585658505,125,634.566,PLAYBACK_PLAYING,10.741,89.294958,100.035958,1758.5,4,640 X 360,1254758
1585658506,126,634.566,PLAYBACK_PLAYING,9.741,90.295478,100.036478,1758.5,4,640 X 360,1254758
1585658507,127,634.566,PLAYBACK_PLAYING,8.741,91.294801,100.035801,1758.5,4,640 X 360,1254758
1585658508,128,634.566,PLAYBACK_PLAYING,11.742,92.294535,104.036535,1701.75,4,640 X 360,1254758
1585658509,129,634.566,PLAYBACK_PLAYING,10.742,93.294179,104.036179,1701.75,4,640 X 360,1254758
1585658510,130,634.566,PLAYBACK_PLAYING,9.742,94.294733,104.036733,1701.75,4,640 X 360,1254758
1585658511,131,634.566,PLAYBACK_PLAYING,8.742,95.294539,104.036539,1701.75,4,640 X 360,1254758
1585658512,132,634.566,PLAYBACK_PLAYING,11.742,96.294298,108.036298,1690,4,640 X 360,1254758
1585658513,133,634.566,PLAYBACK_PLAYING,10.741,97.294824,108.035824,1690,4,640 X 360,1254758
1585658514,134,634.566,PLAYBACK_PLAYING,9.742,98.296082,108.038082,1690,4,640 X 360,1254758
1585658515,135,634.566,PLAYBACK_PLAYING,8.742,99.294966,108.036966,1690,4,640 X 360,1254758
1585658516,136,634.566,PLAYBACK_PLAYING,11.742,100.296982,112.038982,1693,4,640 X 360,1254758
1585658517,137,634.566,PLAYBACK_PLAYING,10.742,101.294696,112.036696,1693,4,640 X 360,1254758
1585658518,138,634.566,PLAYBACK_PLAYING,9.741,102.294619,112.035619,1693,4,640 X 360,1254758
1585658519,139,634.566,PLAYBACK_PLAYING,8.742,103.294811,112.036811,1693,4,640 X 360,1254758
1585658520,140,634.566,PLAYBACK_PLAYING,11.742,104.295013,116.037013,1682,4,640 X 360,1254758
1585658521,141,634.566,PLAYBACK_PLAYING,10.742,105.295123,116.03712300000001,1682,4,640 X 360,1254758
1585658522,142,634.566,PLAYBACK_PLAYING,9.742,106.294269,116.036269,1682,4,640 X 360,1254758
1585658523,143,634.566,PLAYBACK_PLAYING,8.742,107.294442,116.03644200000001,1682,4,640 X 360,1254758
1585658524,144,634.566,PLAYBACK_PLAYING,11.742,108.29438,120.03638000000001,1724.25,4,640 X 360,1254758
1585658525,145,634.566,PLAYBACK_PLAYING,10.742,109.294195,120.036195,1724.25,4,640 X 360,1254758
1585658526,146,634.566,PLAYBACK_PLAYING,9.742,110.293795,120.03579500000001,1724.25,4,640 X 360,1254758
1585658527,147,634.566,PLAYBACK_PLAYING,8.742,111.294094,120.036094,1724.25,4,640 X 360,1254758
1585658528,148,634.566,PLAYBACK_PLAYING,11.737,112.294439,124.03143899999999,1725.75,4,640 X 360,1254758
1585658529,149,634.566,PLAYBACK_PLAYING,10.742,113.294284,124.03628400000001,1725.75,4,640 X 360,1254758
1585658530,150,634.566,PLAYBACK_PLAYING,9.742,114.29411,124.03611000000001,1725.75,4,640 X 360,1254758
1585658531,151,634.566,PLAYBACK_PLAYING,8.742,115.294595,124.036595,1725.75,4,640 X 360,1254758
1585658532,152,634.566,PLAYBACK_PLAYING,11.742,116.294926,128.036926,1729,4,640 X 360,1254758
1585658533,153,634.566,PLAYBACK_PLAYING,10.742,117.296818,128.038818,1729,4,640 X 360,1254758
1585658534,154,634.566,PLAYBACK_PLAYING,9.742,118.294714,128.036714,1729,4,640 X 360,1254758
1585658535,155,634.566,PLAYBACK_PLAYING,8.742,119.293705,128.035705,1729,4,640 X 360,1254758
1585658536,156,634.566,PLAYBACK_PLAYING,11.742,120.294352,132.036352,1737.25,4,640 X 360,1254758
1585658537,157,634.566,PLAYBACK_PLAYING,10.743,121.293836,132.036836,1737.25,4,640 X 360,1254758
1585658538,158,634.566,PLAYBACK_PLAYING,9.742,122.29418,132.03618,1737.25,4,640 X 360,1254758
1585658539,159,634.566,PLAYBACK_PLAYING,8.742,123.293962,132.03596199999998,1737.25,4,640 X 360,1254758
1585658540,160,634.566,PLAYBACK_PLAYING,11.742,124.294096,136.036096,1741.75,4,640 X 360,1254758
1585658541,161,634.566,PLAYBACK_PLAYING,10.742,125.293914,136.035914,1741.75,4,640 X 360,1254758
1585658542,162,634.566,PLAYBACK_PLAYING,9.742,126.293996,136.035996,1741.75,4,640 X 360,1254758
1585658543,163,634.566,PLAYBACK_PLAYING,8.742,127.293854,136.035854,1741.75,4,640 X 360,1254758
1585658544,164,634.566,PLAYBACK_PLAYING,11.742,128.294046,140.036046,1742.25,4,640 X 360,1254758
1585658545,165,634.566,PLAYBACK_PLAYING,10.742,129.294011,140.036011,1742.25,4,640 X 360,1254758
1585658546,166,634.566,PLAYBACK_PLAYING,9.742,130.29406,140.03606,1742.25,4,640 X 360,1254758
1585658547,167,634.566,PLAYBACK_PLAYING,8.742,131.293916,140.035916,1742.25,4,640 X 360,1254758
1585658548,168,634.566,PLAYBACK_PLAYING,11.743,132.293797,144.036797,1696.25,4,640 X 360,1254758
1585658549,169,634.566,PLAYBACK_PLAYING,10.743,133.293791,144.036791,1696.25,4,640 X 360,1254758
1585658550,170,634.566,PLAYBACK_PLAYING,9.743,134.294318,144.037318,1696.25,4,640 X 360,1254758
1585658551,171,634.566,PLAYBACK_PLAYING,8.743,135.294463,144.037463,1696.25,4,640 X 360,1254758
1585658552,172,634.566,PLAYBACK_PLAYING,11.743,136.294084,148.037084,1685.25,4,640 X 360,1254758
1585658553,173,634.566,PLAYBACK_PLAYING,10.742,137.29379,148.03579,1685.25,4,640 X 360,1254758
1585658554,174,634.566,PLAYBACK_PLAYING,9.743,138.293588,148.036588,1685.25,4,640 X 360,1254758
1585658555,175,634.566,PLAYBACK_PLAYING,9.137,139.293383,148.430383,1696.25,4,640 X 360,1254758
1585658556,176,634.566,PLAYBACK_PLAYING,11.743,140.294063,152.037063,1696.25,4,640 X 360,1254758
1585658557,177,634.566,PLAYBACK_PLAYING,10.743,141.293611,152.036611,1696.25,4,640 X 360,1254758
1585658558,178,634.566,PLAYBACK_PLAYING,9.743,142.293452,152.036452,1696.25,4,640 X 360,1254758
1585658559,179,634.566,PLAYBACK_PLAYING,8.743,143.293446,152.03644599999998,1696.25,4,640 X 360,1254758
1585658560,180,634.566,PLAYBACK_PLAYING,11.743,144.29369,156.03669,1702.25,4,640 X 360,1254758
1585658561,181,634.566,PLAYBACK_PLAYING,10.743,145.293347,156.036347,1702.25,4,640 X 360,1254758
1585658562,182,634.566,PLAYBACK_PLAYING,9.743,146.293794,156.036794,1702.25,4,640 X 360,1254758
1585658563,183,634.566,PLAYBACK_PLAYING,8.743,147.293268,156.036268,1702.25,4,640 X 360,1254758
1585658564,184,634.566,PLAYBACK_PLAYING,11.743,148.293264,160.036264,1741.75,4,640 X 360,1254758
1585658565,185,634.566,PLAYBACK_PLAYING,10.743,149.293449,160.036449,1741.75,4,640 X 360,1254758
1585658566,186,634.566,PLAYBACK_PLAYING,9.743,150.293561,160.036561,1741.75,4,640 X 360,1254758
1585658567,187,634.566,PLAYBACK_PLAYING,12.735,151.293181,164.02818100000002,1759.25,4,640 X 360,1254758
1585658568,188,634.566,PLAYBACK_PLAYING,11.743,152.293735,164.036735,1759.25,4,640 X 360,1254758
1585658569,189,634.566,PLAYBACK_PLAYING,10.743,153.294411,164.037411,1759.25,4,640 X 360,1254758
1585658570,190,634.566,PLAYBACK_PLAYING,9.743,154.293401,164.03640099999998,1759.25,4,640 X 360,1254758
1585658571,191,634.566,PLAYBACK_PLAYING,8.743,155.293322,164.03632199999998,1759.25,4,640 X 360,1254758
1585658572,192,634.566,PLAYBACK_PLAYING,8.181,156.298141,164.479141,1734,4,640 X 360,1254758
1585658573,193,634.566,PLAYBACK_PLAYING,10.742,157.29379,168.03579,1734,4,640 X 360,1254758
1585658574,194,634.566,PLAYBACK_PLAYING,9.743,158.293343,168.036343,1734,4,640 X 360,1254758
1585658575,195,634.566,PLAYBACK_PLAYING,9.191,159.293207,168.484207,1744.25,4,640 X 360,1254758
1585658576,196,634.566,PLAYBACK_PLAYING,11.743,160.293096,172.036096,1744.25,4,640 X 360,1254758
1585658577,197,634.566,PLAYBACK_PLAYING,10.743,161.293697,172.036697,1744.25,4,640 X 360,1254758
1585658578,198,634.566,PLAYBACK_PLAYING,9.743,162.2945,172.0375,1744.25,4,640 X 360,1254758
1585658579,199,634.566,PLAYBACK_PLAYING,9.202,163.292753,172.494753,1752.75,4,640 X 360,1254758
1585658580,200,634.566,PLAYBACK_PLAYING,11.743,164.293394,176.036394,1752.75,4,640 X 360,1254758
1585658581,201,634.566,PLAYBACK_PLAYING,10.744,165.292525,176.036525,1752.75,4,640 X 360,1254758
1585658582,202,634.566,PLAYBACK_PLAYING,4.186,171.943356,176.129356,1752.75,2,480 X 270,759798
1585658583,203,634.566,PLAYBACK_PLAYING,3.186,172.943528,176.129528,1752.75,2,480 X 270,759798
1585658584,204,634.566,PLAYBACK_PLAYING,6.186,173.94372,180.12972000000002,1786.5,3,640 X 360,1013310
1585658585,205,634.566,PLAYBACK_PLAYING,5.186,174.943388,180.129388,1786.5,3,640 X 360,1013310
1585658586,206,634.566,PLAYBACK_PLAYING,4.186,175.943628,180.129628,1786.5,3,640 X 360,1013310
1585658587,207,634.566,PLAYBACK_PLAYING,7.141,176.943654,184.084654,1804.25,3,640 X 360,1013310
1585658588,208,634.566,PLAYBACK_PLAYING,6.186,177.943638,184.129638,1804.25,3,640 X 360,1013310
1585658589,209,634.566,PLAYBACK_PLAYING,5.186,178.943617,184.129617,1804.25,3,640 X 360,1013310
1585658590,210,634.566,PLAYBACK_PLAYING,8.186,179.943888,188.129888,1777.25,3,640 X 360,1013310
1585658591,211,634.566,PLAYBACK_PLAYING,7.185,180.943662,188.128662,1777.25,3,640 X 360,1013310
1585658592,212,634.566,PLAYBACK_PLAYING,6.185,181.943417,188.128417,1777.25,3,640 X 360,1013310
1585658593,213,634.566,PLAYBACK_PLAYING,2.482,189.549551,192.031551,1788.5,0,320 X 180,254320
1585658594,214,634.566,PLAYBACK_PLAYING,5.576,190.550011,196.126011,3681.5,3,640 X 360,1013310
1585658595,215,634.566,PLAYBACK_PLAYING,4.576,191.549844,196.125844,3681.5,3,640 X 360,1013310
1585658596,216,634.566,PLAYBACK_PLAYING,3.576,192.549213,196.125213,3681.5,3,640 X 360,1013310
1585658597,217,634.566,PLAYBACK_PLAYING,6.576,193.550424,200.126424,3679.75,2,480 X 270,759798
1585658598,218,634.566,PLAYBACK_PLAYING,5.573,194.54956,200.12256000000002,3679.75,2,480 X 270,759798
1585658599,219,634.566,PLAYBACK_PLAYING,8.576,195.549665,204.125665,3766,2,480 X 270,759798
1585658600,220,634.566,PLAYBACK_PLAYING,7.576,196.550028,204.126028,3766,2,480 X 270,759798
1585658601,221,634.566,PLAYBACK_PLAYING,10.536,197.549868,208.085868,3801,2,480 X 270,759798
1585658602,222,634.566,PLAYBACK_PLAYING,9.576,198.549713,208.125713,3801,2,480 X 270,759798
1585658603,223,634.566,PLAYBACK_PLAYING,8.575,199.549505,208.124505,3801,2,480 X 270,759798
1585658604,224,634.566,PLAYBACK_PLAYING,11.576,200.549593,212.12559299999998,1888,2,480 X 270,759798
1585658605,225,634.566,PLAYBACK_PLAYING,10.576,201.549629,212.125629,1888,2,480 X 270,759798
1585658606,226,634.566,PLAYBACK_PLAYING,9.576,202.549137,212.125137,1888,2,480 X 270,759798
1585658607,227,634.566,PLAYBACK_PLAYING,12.576,203.548721,216.124721,1925.25,2,480 X 270,759798
1585658608,228,634.566,PLAYBACK_PLAYING,11.576,204.549221,216.12522099999998,1925.25,2,480 X 270,759798
1585658609,229,634.566,PLAYBACK_PLAYING,10.576,205.548978,216.124978,1925.25,2,480 X 270,759798
1585658610,230,634.566,PLAYBACK_PLAYING,9.576,206.550221,216.126221,1925.25,2,480 X 270,759798
1585658611,231,634.566,PLAYBACK_PLAYING,8.576,207.549481,216.12548099999998,1925.25,2,480 X 270,759798
1585658612,232,634.566,PLAYBACK_PLAYING,7.576,208.549527,216.125527,1925.25,2,480 X 270,759798
1585658613,233,634.566,PLAYBACK_PLAYING,6.576,209.549718,216.125718,1925.25,2,480 X 270,759798
1585658614,234,634.566,PLAYBACK_PLAYING,9.576,210.549732,220.125732,1542.5,2,480 X 270,759798
1585658615,235,634.566,PLAYBACK_PLAYING,8.576,211.549367,220.12536699999998,1542.5,2,480 X 270,759798
1585658616,236,634.566,PLAYBACK_PLAYING,7.576,212.549172,220.125172,1542.5,2,480 X 270,759798
1585658617,237,634.566,PLAYBACK_PLAYING,6.577,213.549233,220.12623299999998,1542.5,2,480 X 270,759798
1585658618,238,634.566,PLAYBACK_PLAYING,5.577,214.54891,220.12591,1542.5,2,480 X 270,759798
1585658619,239,634.566,PLAYBACK_PLAYING,4.577,215.548773,220.125773,1542.5,2,480 X 270,759798
1585658620,240,634.566,PLAYBACK_PLAYING,3.576,216.548687,220.124687,1542.5,2,480 X 270,759798
1585658621,241,634.566,PLAYBACK_PLAYING,6.576,217.549161,224.125161,1191.5,1,320 X 180,507246
1585658622,242,634.566,PLAYBACK_PLAYING,5.576,218.549528,224.125528,1191.5,1,320 X 180,507246
1585658623,243,634.566,PLAYBACK_PLAYING,4.576,219.549485,224.125485,1191.5,1,320 X 180,507246
1585658624,244,634.566,PLAYBACK_PLAYING,3.576,220.54896,224.12496,1191.5,1,320 X 180,507246
1585658625,245,634.566,PLAYBACK_PLAYING,2.576,221.549131,224.12513099999998,1191.5,1,320 X 180,507246
1585658626,246,634.566,PLAYBACK_PLAYING,1.577,222.548985,224.125985,1191.5,1,320 X 180,507246
1585658627,247,634.566,PLAYBACK_PLAYING,4.576,223.548901,228.124901,884.25,0,320 X 180,254320
1585658628,248,634.566,PLAYBACK_PLAYING,3.577,224.548847,228.125847,884.25,0,320 X 180,254320
1585658629,249,634.566,PLAYBACK_PLAYING,2.536,225.548992,228.084992,884.25,0,320 X 180,254320
1585658630,250,634.566,PLAYBACK_PLAYING,1.577,226.549247,228.126247,884.25,0,320 X 180,254320
1585658631,251,634.566,PLAYBACK_PLAYING,4.461,227.553097,232.01409700000002,620.75,0,320 X 180,254320
1585658632,252,634.566,PLAYBACK_PLAYING,3.577,228.5489,232.1259,620.75,0,320 X 180,254320
1585658633,253,634.566,PLAYBACK_PLAYING,2.576,229.548799,232.124799,620.75,0,320 X 180,254320
1585658634,254,634.566,PLAYBACK_PLAYING,1.577,230.548903,232.125903,620.75,0,320 X 180,254320
1585658635,255,634.566,PLAYBACK_PLAYING,4.576,231.548767,236.124767,1038.75,0,320 X 180,254320
1585658636,256,634.566,PLAYBACK_PLAYING,3.582,232.549011,236.131011,1038.75,0,320 X 180,254320
1585658637,257,634.566,PLAYBACK_PLAYING,2.577,233.548214,236.125214,1038.75,0,320 X 180,254320
1585658638,258,634.566,PLAYBACK_PLAYING,1.577,234.548236,236.125236,1038.75,0,320 X 180,254320
1585658639,259,634.566,PLAYBACK_PLAYING,4.577,235.548621,240.125621,1184.5,0,320 X 180,254320
1585658640,260,634.566,PLAYBACK_PLAYING,3.577,236.548619,240.125619,1184.5,0,320 X 180,254320
1585658641,261,634.566,PLAYBACK_PLAYING,2.577,237.548832,240.125832,1184.5,0,320 X 180,254320
1585658642,262,634.566,PLAYBACK_PLAYING,1.577,238.550295,240.127295,1184.5,0,320 X 180,254320
1585658643,263,634.566,PLAYBACK_PLAYING,4.535,239.549203,244.084203,1333.75,0,320 X 180,254320
1585658644,264,634.566,PLAYBACK_PLAYING,3.577,240.548532,244.125532,1333.75,0,320 X 180,254320
1585658645,265,634.566,PLAYBACK_PLAYING,2.577,241.548943,244.125943,1333.75,0,320 X 180,254320
1585658646,266,634.566,PLAYBACK_PLAYING,1.575,242.548731,244.123731,1333.75,0,320 X 180,254320
1585658647,267,634.566,PLAYBACK_PLAYING,0.577,243.548834,244.125834,1333.75,0,320 X 180,254320
1585658648,268,634.566,PLAYBACK_PLAYING,3.577,244.548883,248.125883,1340.25,0,320 X 180,254320
1585658649,269,634.566,PLAYBACK_PLAYING,2.577,245.548665,248.125665,1340.25,0,320 X 180,254320
1585658650,270,634.566,PLAYBACK_PLAYING,1.577,246.548312,248.125312,1340.25,0,320 X 180,254320
1585658651,271,634.566,PLAYBACK_PLAYING,0.577,247.548249,248.125249,1340.25,0,320 X 180,254320
1585658652,272,634.566,PLAYBACK_PLAYING,3.577,248.548277,252.125277,1089.5,0,320 X 180,254320
1585658653,273,634.566,PLAYBACK_PLAYING,2.577,249.548486,252.125486,1089.5,0,320 X 180,254320
1585658654,274,634.566,PLAYBACK_PLAYING,1.577,250.548066,252.125066,1089.5,0,320 X 180,254320
1585658655,275,634.566,PLAYBACK_PLAYING,4.558,251.547784,256.105784,1160.25,0,320 X 180,254320
1585658656,276,634.566,PLAYBACK_PLAYING,3.577,252.548098,256.12509800000004,1160.25,0,320 X 180,254320
1585658657,277,634.566,PLAYBACK_PLAYING,2.577,253.549029,256.126029,1160.25,0,320 X 180,254320
1585658658,278,634.566,PLAYBACK_PLAYING,1.577,254.54807,256.12507,1160.25,0,320 X 180,254320
1585658659,279,634.566,PLAYBACK_PLAYING,4.545,255.547871,260.092871,1149.3333333333333,0,320 X 180,254320
1585658660,280,634.566,PLAYBACK_WAITING,0,266.177013,266.177013,1149.3333333333333,0,320 X 180,254320
1585658661,281,634.566,PLAYBACK_WAITING,0,266.177013,266.177013,1149.3333333333333,0,320 X 180,254320
1585658662,282,634.566,PLAYBACK_WAITING,0,266.177013,266.177013,1149.3333333333333,0,320 X 180,254320
1585658663,283,634.566,PLAYBACK_WAITING,0,266.177013,266.177013,1149.3333333333333,0,320 X 180,254320
1585658664,284,634.566,PLAYBACK_WAITING,0,266.177013,266.177013,1149.3333333333333,0,320 X 180,254320
1585658665,285,634.566,PLAYBACK_PLAYING,1.416,266.782445,268.198445,1168.1666666666667,0,320 X 180,254320
1585658666,286,634.566,PLAYBACK_PLAYING,0.416,267.782894,268.198894,1168.1666666666667,0,320 X 180,254320
1585658667,287,634.566,PLAYBACK_PLAYING,0,268.782552,268.782552,1168.1666666666667,0,320 X 180,254320
1585658668,288,634.566,PLAYBACK_PLAYING,0,269.78173,269.78173,1168.1666666666667,0,320 X 180,254320
1585658669,289,634.566,PLAYBACK_PLAYING,1.416,270.782305,272.198305,1175.6666666666667,0,320 X 180,254320
1585658670,290,634.566,PLAYBACK_WAITING,0.416,271.596807,272.012807,1175.6666666666667,0,320 X 180,254320
1585658671,291,634.566,PLAYBACK_WAITING,0.403,271.596807,271.99980700000003,1175.6666666666667,0,320 X 180,254320
1585658672,292,634.566,PLAYBACK_WAITING,0.403,271.596807,271.99980700000003,1175.6666666666667,0,320 X 180,254320
1585658673,293,634.566,PLAYBACK_PLAYING,4.04,272.158061,276.198061,1195.4,0,320 X 180,254320
1585658674,294,634.566,PLAYBACK_PLAYING,3.041,273.157904,276.19890399999997,1195.4,0,320 X 180,254320
1585658675,295,634.566,PLAYBACK_PLAYING,2.04,274.158203,276.19820300000003,1195.4,0,320 X 180,254320
1585658676,296,634.566,PLAYBACK_PLAYING,1.041,275.15825,276.19925,1195.4,0,320 X 180,254320
1585658677,297,634.566,PLAYBACK_PLAYING,4.787,276.160665,280.947665,1568,0,320 X 180,254320
1585658678,298,634.566,PLAYBACK_PLAYING,11.809,277.158136,288.96713600000004,1568,1,320 X 180,507246
1585658679,299,634.566,PLAYBACK_PLAYING,14.04,278.158345,292.198345,1568,1,320 X 180,507246
1585658680,300,634.566,PLAYBACK_PLAYING,13.04,279.158712,292.198712,1568,1,320 X 180,507246
1585658681,301,634.566,PLAYBACK_PLAYING,12.039,280.158557,292.19755699999996,1568,1,320 X 180,507246
1585658682,302,634.566,PLAYBACK_PLAYING,11.819,281.158311,292.97731100000004,1568,1,320 X 180,507246
1585658683,303,634.566,PLAYBACK_PLAYING,14.041,282.158261,296.199261,1568,1,320 X 180,507246
1585658684,304,634.566,PLAYBACK_PLAYING,13.04,283.158807,296.19880700000004,1568,1,320 X 180,507246
1585658685,305,634.566,PLAYBACK_PLAYING,12.04,284.158374,296.198374,1568,1,320 X 180,507246
1585658686,306,634.566,PLAYBACK_PLAYING,14.876,285.158258,300.03425799999997,1568,1,320 X 180,507246
1585658687,307,634.566,PLAYBACK_PLAYING,14.041,286.158238,300.199238,1568,1,320 X 180,507246
1585658688,308,634.566,PLAYBACK_PLAYING,13.041,287.15831,300.19930999999997,1568,1,320 X 180,507246
1585658689,309,634.566,PLAYBACK_PLAYING,12.041,288.15829,300.19929,1568,1,320 X 180,507246
1585658690,310,634.566,PLAYBACK_PLAYING,11.84,289.157871,300.997871,5384.2,1,320 X 180,507246
1585658691,311,634.566,PLAYBACK_PLAYING,14.04,290.158342,304.198342,5384.2,1,320 X 180,507246
1585658692,312,634.566,PLAYBACK_PLAYING,13.041,291.158315,304.199315,5384.2,1,320 X 180,507246
1585658693,313,634.566,PLAYBACK_PLAYING,12.041,292.158067,304.199067,5384.2,1,320 X 180,507246
1585658694,314,634.566,PLAYBACK_PLAYING,11.041,293.157883,304.198883,5384.2,5,768 X 432,1883700
1585658695,315,634.566,PLAYBACK_PLAYING,14.041,294.157224,308.198224,7951.2,5,768 X 432,1883700
1585658696,316,634.566,PLAYBACK_PLAYING,13.041,295.157728,308.198728,7951.2,5,768 X 432,1883700
1585658697,317,634.566,PLAYBACK_PLAYING,12.041,296.157697,308.198697,7951.2,5,768 X 432,1883700
1585658698,318,634.566,PLAYBACK_PLAYING,14.977,297.157903,312.13490299999995,7951.2,7,1280 X 720,4952892
1585658699,319,634.566,PLAYBACK_PLAYING,14.041,298.157746,312.19874599999997,7951.2,7,1280 X 720,4952892
1585658700,320,634.566,PLAYBACK_PLAYING,13.041,299.157898,312.198898,7951.2,7,1280 X 720,4952892
1585658701,321,634.566,PLAYBACK_PLAYING,12.041,300.158209,312.199209,7951.2,7,1280 X 720,4952892
1585658702,322,634.566,PLAYBACK_PLAYING,15.041,301.158143,316.199143,41575.75,7,1280 X 720,4952892
1585658703,323,634.566,PLAYBACK_PLAYING,14.041,302.158213,316.199213,41575.75,7,1280 X 720,4952892
1585658704,324,634.566,PLAYBACK_PLAYING,13.041,303.157999,316.198999,41575.75,7,1280 X 720,4952892
1585658705,325,634.566,PLAYBACK_PLAYING,12.04,304.157898,316.197898,41575.75,7,1280 X 720,4952892
1585658706,326,634.566,PLAYBACK_PAUSED,11.779,305.063203,316.842203,62106.42857142857,9,3840 X 2160,14931538
1585658707,327,634.566,PLAYBACK_PAUSED,18.937,305.063203,324.000203,71968.11111111111,9,3840 X 2160,14931538
1585658708,328,634.566,PLAYBACK_PAUSED,23.811,305.063203,328.87420299999997,94814.625,9,3840 X 2160,14931538